osm_id,lon,lat,nome,capacidade,tipo,cobertura,operador,taxa,período_máximo,vigilância,logradouro,número
208537789,-43.1760821,-22.9566949,,,,,,,,,,
299617743,-43.2321268,-22.9792638,PUC-Rio,200,stands,yes,,no,,,,
331631023,-43.1697711,-22.9549734,,15,,no,,,,,,
332238483,-43.1805903,-22.9648264,,12,stands,no,,no,,,,
338792635,-43.1769893,-22.9577684,,,,,,,,,,
338798493,-43.1840959,-22.9476225,,31,anchors,yes,Botafogo Praia Shopping,no,,,,
365743387,-43.1694194,-22.9637971,,3,,,,,,,,
365743916,-43.1697464,-22.9639107,,3,,,,,,,,
365744391,-43.1687596,-22.9635007,,6,,,,,,,,
365744408,-43.1689038,-22.9635513,,6,,,,,,,,
365744865,-43.1731525,-22.9650507,,,,,,,,,,
412272170,-43.1815011,-22.9458962,,9,,no,,,,,,
412272171,-43.1811096,-22.9480270,,8,,no,,,,,,
412272173,-43.1815611,-22.9465410,,13,,no,,,,,,
430968787,-43.1238759,-22.8934813,,12,,no,,,,,,
454457637,-43.1778071,-22.9555492,,12,,no,,,,,,
462747753,-46.5647429,-23.5389277,,,,,,,,,,
475996261,-43.1731493,-22.9070436,,30,,,,no,,,,
527166756,-43.1843713,-22.9493457,,12,,,,,,,,
527338791,-43.1884206,-22.9494894,,12,stands,no,,no,,,,
533915669,-45.1196358,-22.7401010,,,,,,,,,,
556696415,-43.1766610,-22.9025951,,6,,,,,,,,
557557856,-43.2284896,-22.9757956,,5,,no,,,,,,
562181417,-43.1928253,-22.9762808,,,,,,,,,,
605075791,-43.1062514,-22.7545698,,,,,,,,,,
607513133,-43.1070561,-22.7624846,,,,,,,,,,
607513261,-43.1077534,-22.7613667,,,,,,,,,,
608717189,-43.1077339,-22.7622945,,12,,,,,,,,
608717193,-43.1074121,-22.7623737,,,,,,,,,,
608717198,-43.1076803,-22.7629673,,,,,,,,,,
612558195,-38.0889328,-12.6425606,,,,,,,,,,
614482631,-43.2910352,-22.9477274,,6,,,,,,,,
614496057,-43.1735775,-22.9034134,,6,,,,,,,,
614496061,-43.1740412,-22.9022524,,,,,,,,,,
614496447,-43.2810241,-22.9555018,,,,,,,,,,
704889596,-43.1783754,-22.9251740,,3,,,,,,,,
704889604,-43.1782252,-22.9251098,,1,,,,,,,,
704992190,-43.1758564,-22.9279405,,5,,,,,,,,
704992212,-43.1752556,-22.9279109,,6,wall_hoops,yes,Academia Personal Physical Center,no,,,,
724757320,-43.4481124,-22.8758141,,5,,,,,,,,
727632327,-43.1982458,-22.9560094,,8,,,,,,,,
768959274,-47.8724442,-15.7655901,,,,,,,,,,
771839321,-43.1977911,-22.9845075,,,,,,,,,,
814237411,-43.1735980,-22.9524756,,9,,no,,,,,,
852186532,-49.2519295,-25.4506383,Estacionamento de Bicicleta,18,,,,,,,,
852186535,-49.2507307,-25.4541192,Estacionamento de Bicicleta,20,,,,,,,,
865743637,-49.2509671,-25.4504852,Estacionamento de Bicicleta,18,,,,,,,,
865743643,-49.2513789,-25.4525212,Estacionamento de Bicicleta,9,,,,,,,,
888605512,-43.2348403,-22.9216814,,15,,no,Shopping Tijuca,no,,,,
920650092,-43.2814107,-22.8824982,,12,wall_hoops,no,Sam's Club,no,,,,
921822286,-40.2976397,-20.2808486,,,,,,,,,,
921822294,-40.2930480,-20.2827911,,,,,,,,,,
952402264,-48.2586329,-18.9171018,,12,,,,,,,,
1073053589,-37.0716290,-10.9483075,Extra,,,no,,no,,,,
1080533800,-37.0594485,-10.9446155,,,,,,no,,,,
1081107397,-37.0484380,-10.9438878,Shopping Riomar,,,,,no,,,,
1081135725,-43.1775946,-22.9535128,,,,,,,,,,
1117541983,-47.0704359,-22.8152996,,,,,,,,,,
1120614474,-34.9305864,-8.0652866,bicicletário da CHESF,estacionamento de bicicletas da CHESF,,,,,,,,
1143260928,-53.7422689,-24.7191807,Estacionamento Teatro Municipal,,,,,,,,,
1148200345,-43.1695528,-22.9635201,,13,,,,,,,,
1187727924,-43.3719798,-22.8620141,,5,,,,,,,,
1303681659,-43.2123393,-22.9600345,,30,,,,,,,,
1307360945,-43.1730733,-22.9652795,,3,,,,,,,,
1307361000,-43.1665925,-22.9624840,,4,,,,,,,,
1307361002,-43.1728861,-22.9651968,,3,,,,,,,,
1307367015,-43.1762670,-22.9667518,,3,,,,,,,,
1307367017,-43.1782124,-22.9674815,,2,,,,,,,,
1307367039,-43.1743063,-22.9655235,,8,,,,,,,,
1307367042,-43.1760795,-22.9666619,,3,,,,,,,,
1307368006,-43.1810251,-22.9694939,,3,,,,,,,,
1307368010,-43.1805441,-22.9688578,,5,,,,,,,,
1307368033,-43.1819727,-22.9701314,,6,,,,,,,,
1307368037,-43.1818301,-22.9700270,,6,,,,,,,,
1307368048,-43.1803897,-22.9690882,,3,,,,,,,,
1307372714,-43.1858581,-22.9731909,,13,,,,,,,,
1307372729,-43.1834136,-22.9712291,,3,,,,,,,,
1307372744,-43.1867580,-22.9749136,,6,,,,,,,,
1307372790,-43.1860720,-22.9738768,,3,,,,,,,,
1307372799,-43.1866516,-22.9747408,,6,,,,,,,,
1307373000,-43.1872853,-22.9751382,,8,,,,,,,,
1307373388,-43.1877962,-22.9760312,,13,,,,,,,,
1307373903,-43.1885983,-22.9783713,,3,,,,,,,,
1307373907,-43.1886959,-22.9786236,,3,,,,,,,,
1307380721,-43.1894879,-22.9827281,,3,,,,,,,,
1307380757,-43.1895214,-22.9824501,,3,,,,,,,,
1307380776,-43.1889043,-22.9851030,,3,,,,,,,,
1307380793,-43.1888095,-22.9853387,,3,,,,,,,,
1459803291,-38.5245569,-13.0079812,,,,,,,,,,
1514389401,-43.1983691,-22.9831825,,7,,yes,,,,,,
1556478783,-48.4948576,-27.6801840,,10,stands,no,,,,,,
1556478794,-48.4935964,-27.6809211,,,wall_loops,,,,,,,
1556478807,-48.4940951,-27.6805994,,,wall_loops,,,,,,,
1565182308,-43.1707210,-22.9270924,,1,,no,,,,,,
1565182322,-43.1707746,-22.9272148,,6,,no,,,,,,
1565182329,-43.1718330,-22.9299854,,1,,no,,,,,,
1565182335,-43.1727686,-22.9334243,,6,,no,,,,,,
1579707882,-43.1722516,-22.9139566,,11,,yes,,,,,,
1579719435,-43.1753897,-22.9535314,,8,,no,,,,,,
1579889464,-43.1985192,-22.9834153,Complexo Rubem Paiva,10,,yes,,,,,,
1579889471,-43.1992112,-22.9866530,,20,,no,,,,,,
1579889490,-43.1988134,-22.9870365,,9,,no,,,,,,
1579889493,-43.1907397,-22.9870369,,30,,no,,,,,,
1579889500,-43.1958350,-22.9875054,,6,,no,,,,,,
1579889526,-43.1963876,-22.9875130,,8,,no,,,,,,
1579889530,-43.1947270,-22.9879424,,20,,no,,,,,,
1579889537,-43.1913812,-22.9891622,,24,,no,,,,,,
1579889545,-43.1909951,-22.9894196,,9,,no,,,,,,
1579889559,-43.1910051,-22.9896495,,7,,no,,,,,,
1579889560,-43.1912048,-22.9898701,,36,,no,,,,,,
1607720221,-43.3044634,-23.0091765,,3,,no,,,,,,
1641806473,-34.9120311,-8.0557036,bicicletário do banco santander,,,,,,,,,
1663523369,-38.9573688,-12.2848563,,,,,,,,,,
1672902956,-43.1673489,-22.9545059,,20,,no,,,,,,
1673649112,-38.9625187,-12.2531221,Todo Dia,,,,,,,,,
1678273356,-34.9244554,-8.0580881,,30,,no,,gratuito (no fee),,,,
1680155747,-43.1782280,-22.9357977,,5,,no,,,,,,
1690483982,-38.9489143,-12.2423151,Shopping Boulevard,,,no,,no,,,,
1701761104,-43.2205184,-22.9662384,,7,,no,,,,,,
1701768026,-43.1975841,-22.9559960,,10,,,,,,,,
1701768028,-43.2020154,-22.9600217,,10,,,,,,,,
1701768030,-43.1910613,-22.9536892,,6,,yes,,,,,,
1710707459,-43.2214975,-22.9811474,,12,,no,,,,,,
1720947462,-39.0893402,-12.6583510,,,ground_slots,,,,,,,
1721337834,-48.5031895,-27.6663119,,4,,no,,,,,,
1726018647,-48.4925341,-27.6817608,,6,,no,,,,,,
1726018652,-48.5233169,-27.5996164,,10,,no,,,,,,
1726018653,-48.5213111,-27.6028821,,12,,no,,,,,,
1731179318,-38.9494835,-12.2594654,Madereira Cerqueira,,ground_slots,,,,,,,
1738681218,-48.4935846,-27.6815930,,,,,,,,,,
1738827781,-48.5456570,-27.5851021,,,,,,,,,,
1752004534,-43.2335794,-22.9226726,,6,wall_hoops,no,,no,,,,
1757825311,-38.9521126,-12.2681815,Academia Maciste,,,no,,,,,,
1762707377,-48.5159827,-27.5986156,,,,yes,,,,,,
1765125129,-43.2235416,-22.9204664,,5,,yes,Metrô Rio,,,,,
1770155667,-45.0746476,-23.4332887,,,,,,,,,,
1770155672,-45.0766259,-23.4333335,,,,,,,,,,
1770155680,-45.0725090,-23.4334588,,,,,,,,,,
1775509389,-38.5254414,-12.9976931,Palacete das Artes,,,,,,,,,
1788101450,-43.3651709,-22.8064243,MetrôRio Estação Pavuna,100,,yes,MetrôRio,no,,,,
1801254652,-46.4234807,-23.9074365,,,,,,,,,,
1801254665,-46.4237703,-23.9061565,,,,,,,,,,
1801254698,-46.4238240,-23.9060437,,,,,,,,,,
1801254781,-46.4234753,-23.9077111,,,,,,,,,,
1801254782,-46.4197578,-23.9149396,,,,,,,,,,
1801254783,-46.4195164,-23.9150524,,,,yes,,,,,,
1801254788,-46.4159490,-23.9176907,,,,,,,,,,
1801254930,-46.4157666,-23.9178672,,,,,,,,,,
1801255256,-46.4272679,-23.8999329,,,,,,,,,,
1801255264,-46.4273323,-23.8997367,,,,,,,,,,
1801255285,-46.4316721,-23.8940474,,,,,,,,,,
1801256074,-46.4331205,-23.8967302,,,,,,,,,,
1801256224,-46.4329220,-23.8962373,,,,,,,,,,
1801256332,-46.4328630,-23.8961098,,,,,,,,,,
1801256389,-46.4325438,-23.8951534,,,,,,,,,,
1801256390,-46.4319511,-23.8935005,,,,,,,,,,
1801256391,-46.4310847,-23.8933044,,,,,,,,,,
1801256814,-46.4332037,-23.8967670,,,,,,,,,,
1801256815,-46.4310794,-23.8931842,,,,,,,,,,
1801257184,-46.4214234,-23.8899495,,,,,,,,,,
1801257185,-46.4231186,-23.8896528,,,,,,,,,,
1801257186,-46.4233251,-23.8896135,,,,,,,,,,
1801257187,-46.4253528,-23.8892138,,,,,,,,,,
1801257188,-46.4255755,-23.8891770,,,,,,,,,,
1801257196,-46.4268066,-23.8889391,,,,,,,,,,
1801257197,-46.4266618,-23.8889661,,,,,,,,,,
1801257198,-46.4295398,-23.8884167,,,,,,,,,,
1808437623,-46.5890572,-23.5921724,Bicicletário CPTM,,,yes,,,,,,
1808437646,-46.5905613,-23.5931350,,,,,,,,,,
1811997608,-54.6779389,-20.4606244,,,,,,,,,,
1814465619,-43.1247015,-22.8964555,,8,stands,no,,no,,,,
1828029501,-44.0208107,-19.9741525,,,,yes,,,,,,
1831316118,-43.2323173,-22.9245187,,,,,,,,,,
1847455104,-48.5197686,-27.5998199,,,,no,,no,,,,
1847455119,-48.5212593,-27.6005373,,,,no,,no,,,,
1847479745,-48.5125692,-27.5999532,,5,wall_loops,no,,,,,,
1937511281,-49.2701319,-25.4142777,,,,,,,,,,
1949942536,-43.1693556,-22.9549074,,23,,no,,,,,,
1949942543,-43.1690525,-22.9549814,,22,,no,,,,,,
1949942544,-43.1689211,-22.9547443,,6,,no,,,,,,
1974955980,-46.6575263,-23.5901569,,5,,,,,,,,
1976954103,-43.1833211,-22.9684815,Secretaria de Transportes,,,yes,,no,,,,
1976962730,-43.1825463,-22.9115831,Tribunal Regional do Trabalho,12,,,,no,,,,
1977039846,-43.1090426,-22.9045865,,18,,no,,no,,,,
1977788431,-43.1723165,-22.9052979,Tribunal de Justiça,25,wall_hoops,,,no,,,,
1977852181,-43.2665798,-22.8435604,Fórum Regional da Leopoldina,12,wall_hoops,no,,,,,,
1977967909,-43.3116212,-22.8538486,Atacadão,10,wall_hoops,no,,,,,,
1978000203,-43.3640408,-22.9943083,Leroy Merlin,8,stands,yes,,no,,,,
1978012152,-43.3606569,-23.0003019,,6,stands,no,,no,,,,
1978027991,-43.2617734,-22.9195728,,5,stands,no,,no,,,,
1981139573,-43.2129093,-22.9610555,,25,wall_hoops,no,Parque Lage,,,,,
1981146785,-43.1966220,-22.9556809,,10,wall_hoops,no,Cobal do Humaitá,,,,,
2001257498,-43.1245112,-22.8972360,,7,stands,yes,,no,,,,
2001259816,-43.1252223,-22.8856504,,6,stands,no,,no,,,,
2001261120,-43.1305251,-22.8993553,,6,stands,no,,no,,,,
2001315286,-43.2215243,-22.9122745,,25,wall_hoops,no,Universidade Veiga de Almeida,no,,,,
2001383283,-43.2113127,-22.8053593,,25,stands,,,no,,,,
2001392488,-43.2102453,-22.8059488,,4,wall_hoops,no,,no,,,,
2001403748,-43.2101247,-22.8059389,,4,wall_hoops,no,,no,,,,
2001409704,-43.2090840,-22.8056667,,4,wall_hoops,no,,no,,,,
2007238091,-43.1836835,-22.9380260,,30,,no,Governo do Estado,no,,,,
2011047664,-43.3280765,-22.8330503,,10,wall_hoops,no,Mundial,no,,,,
2011047678,-43.3288438,-22.8322738,,10,wall_hoops,no,Guanabara,no,,,,
2014138682,-43.1861474,-22.9519984,,5,,,,,,,,
2014576877,-43.2226773,-22.9645391,,10,,,,no,,,,
2014581702,-43.2262322,-22.9753286,,6,,no,,no,,,,
2021881722,-43.3199204,-22.8220767,,37,,no,,no,,,,
2021881728,-43.2740824,-22.8773699,,24,,no,Shopping Nova América,no,,,,
2021881820,-43.3201547,-22.8234613,,9,wall_hoops,no,Shopping Via Brasil,no,,,,
2025035829,-40.5000582,-20.6674868,,,,,,,,,,
2026296368,-43.2170823,-22.9760702,,20,,no,Lagoon,no,,,,
2026305823,-43.2312657,-22.9142417,,3,wall_hoops,no,,no,,,,
2026305824,-43.2313863,-22.9133817,,10,wall_hoops,no,,no,,,,
2029104436,-43.2646158,-22.9223300,,6,stands,no,,no,,,,
2029104437,-43.2644469,-22.9227204,,6,stands,no,,no,,,,
2038032579,-43.1835304,-22.9477727,,5,wall_hoops,no,,no,,,,
2038041242,-43.1649133,-22.9544242,,30,stands,yes,,no,,,,
2038047181,-43.1826000,-22.9505866,,6,,yes,Supermercado Mundial,no,,,,
2038054325,-43.1823318,-22.9506508,,3,,no,,no,,,,
2038070842,-43.1889433,-22.9568222,,,,yes,Supermercado Prezunic,no,,,,
2038070857,-43.1890803,-22.9571853,,7,stands,no,,no,,,,
2038139851,-43.1844450,-22.9525973,,3,wall_hoops,no,,no,,,,
2039081335,-43.1898744,-22.9536039,,2,,no,,no,,,,
2044450113,-38.9526819,-12.2638689,,4,stands,no,,,,,,
2045525032,-51.2461344,-30.0840579,,12,stands,,Companhia Athletica,,,,,
2046834090,-43.3057477,-22.8408936,,6,,no,,no,,,,
2051573021,-43.1844744,-22.9695412,,10,wall_hoops,no,Centro Comercial Copacabana,no,,,,
2052767174,-43.1805937,-22.9486673,,10,wall_hoops,no,Clube de Regatas Botafogo,no,,,,
2052820350,-38.9526812,-12.2635979,Loteria,,stands,no,,no,,,,
2063479779,-38.9549743,-12.2557579,Banco do Brasil,10,stands,no,,no,,,,
2065753180,-43.1651702,-22.9558887,,10,wall_hoops,no,,no,,,,
2065758489,-43.2053503,-22.9120973,,6,wall_hoops,no,,no,,,,
2065799881,-43.1809530,-22.9503780,,28,anchors,yes,Centro Empresarial Mourisco,no,,,,
2066433295,-43.2071123,-22.9830936,,2,stands,no,,no,,,,
2066433296,-43.2070614,-22.9831204,,4,stands,no,,no,,,,
2067020231,-48.5233990,-27.6027437,,,,,,,,,,
2071691768,-43.2258880,-22.9830193,,5,stands,no,,no,,,,
2071693629,-43.2270520,-22.9838539,,3,stands,no,,no,,,,
2071693835,-43.2269742,-22.9837798,,3,stands,no,,no,,,,
2071701541,-43.2277467,-22.9845847,,5,stands,no,,no,,,,
2071704025,-43.2274972,-22.9842464,,3,stands,no,,no,,,,
2071704293,-43.2275294,-22.9842983,,3,stands,no,,no,,,,
2071711405,-43.2283847,-22.9854786,,3,stands,no,,no,,,,
2071712765,-43.2284522,-22.9859403,,5,stands,no,,no,,,,
2071718109,-43.2283128,-22.9860315,,5,stands,no,,no,,,,
2071720146,-43.2280789,-22.9859230,,3,stands,no,,no,,,,
2071722995,-43.2277948,-22.9857872,,3,stands,no,,no,,,,
2071723916,-43.2275992,-22.9857107,,3,stands,no,,no,,,,
2071725967,-43.2278082,-22.9859280,,3,stands,no,,no,,,,
2071727055,-43.2276260,-22.9858564,,5,stands,no,,no,,,,
2071728227,-43.2274087,-22.9857526,,3,stands,no,,no,,,,
2071731608,-43.2271271,-22.9854958,,5,stands,no,,no,,,,
2071731849,-43.2270922,-22.9854835,,5,stands,no,,no,,,,
2071736584,-43.2267650,-22.9853577,,3,stands,no,,no,,,,
2071738454,-43.2263680,-22.9852390,,3,stands,no,,no,,,,
2071738731,-43.2264190,-22.9852515,,3,stands,no,,no,,,,
2071739893,-43.2263090,-22.9853526,,5,stands,no,,no,,,,
2071741634,-43.2258584,-22.9851995,,3,stands,no,,no,,,,
2071744634,-43.2256224,-22.9849872,,5,stands,no,,no,,,,
2071747622,-43.2252469,-22.9844118,,3,stands,no,,no,,,,
2071748226,-43.2252365,-22.9844463,,5,stands,no,,no,,,,
2071753741,-43.2229241,-22.9842317,,5,stands,no,,no,,,,
2071754003,-43.2228624,-22.9843822,,3,stands,no,,no,,,,
2071754240,-43.2224574,-22.9841452,,3,stands,no,,no,,,,
2071754245,-43.2223984,-22.9841131,,3,stands,no,,no,,,,
2071754525,-43.2223823,-22.9844020,,3,stands,no,,no,,,,
2071756545,-43.2242384,-22.9818167,,3,stands,no,,no,,,,
2071809797,-43.2238469,-22.9812436,,5,stands,no,,no,,,,
2071814099,-43.2222318,-22.9806808,,5,stands,no,,no,,,,
2071814376,-43.2222643,-22.9806934,,3,stands,no,,no,,,,
2071814551,-43.2224198,-22.9806712,,3,stands,no,,no,,,,
2071884011,-43.2219236,-22.9840539,,5,stands,no,,no,,,,
2071884582,-43.2215481,-22.9838144,,3,stands,no,,no,,,,
2071884741,-43.2210519,-22.9839032,,3,stands,no,,no,,,,
2071889053,-43.2208856,-22.9840514,,3,stands,no,,no,,,,
2071889124,-43.2209285,-22.9840414,,3,stands,no,,no,,,,
2071889876,-43.2204967,-22.9838316,,3,stands,no,,no,,,,
2071890201,-43.2200622,-22.9839328,,3,stands,no,,no,,,,
2071890750,-43.2198503,-22.9836638,,3,stands,no,,no,,,,
2071890780,-43.2197886,-22.9839180,,5,stands,no,,no,,,,
2071890909,-43.2191878,-22.9836860,,3,stands,no,,no,,,,
2071892115,-43.2191609,-22.9838761,,3,stands,no,,no,,,,
2071892382,-43.2192146,-22.9838687,,3,stands,no,,no,,,,
2071893929,-43.2184689,-22.9838291,,5,stands,no,,no,,,,
2071894528,-43.2184528,-22.9836539,,5,stands,no,,no,,,,
2071894532,-43.2184046,-22.9836490,,3,stands,no,,no,,,,
2071894713,-43.2176240,-22.9839402,,3,stands,no,,no,,,,
2071896125,-43.2177689,-22.9830463,,5,stands,no,,no,,,,
2071897719,-43.2177796,-22.9829994,,3,stands,no,,no,,,,
2071899667,-43.2180666,-22.9825698,,3,stands,no,,no,,,,
2077538393,-43.2301123,-22.9788931,,6,wall_hoops,no,,no,,,,
2077541071,-43.2319602,-22.9791127,,6,wall_hoops,no,,no,,,,
2077541073,-43.2319978,-22.9793203,,28,wall_hoops,no,,no,,,,
2079049877,-43.2706784,-23.0005573,,14,,no,,no,,,,
2079049896,-43.2709315,-23.0006235,,14,,no,,no,,,,
2086666447,-51.8548059,-21.8744972,,,,,,,,,,
2087905059,-43.3122036,-22.8497156,,15,,yes,Carioca Shopping,no,,,,
2093302491,-43.2599413,-22.9967254,,12,stands,yes,São Conrado Fashion Mall,no,,,,
2093398352,-43.1820087,-22.9497835,,5,wall_hoops,no,,no,,,,
2096687728,-50.4292009,-21.2092885,,,wall_loops,,,,,,,
2096965820,-43.3413938,-22.8681281,,5,,,,,,,,
2100504927,-43.2061726,-22.9821184,,6,,no,,,,,,
2101240407,-43.3277136,-22.8338718,,5,,,,,,,,
2101244250,-43.3255937,-22.8361570,,10,,,,,,,,
2101249330,-43.3238147,-22.8392848,,13,,,,,,,,
2102169438,-43.2052361,-22.9604817,,5,,,,,,,,
2107821950,-43.2342404,-22.9193678,,5,,no,,,,,,
2107831855,-43.2045135,-22.9112819,,12,,no,Prefeitura do Rio de Janeiro,,,,,
2107842845,-43.2498905,-22.9200057,,,,yes,,,,,,
2107843171,-43.2498266,-22.9184441,,6,,no,,,,,,
2107857232,-43.2438181,-22.9158081,,6,,no,,,,,,
2107865980,-43.2492366,-22.9226932,,26,,no,,,,,,
2110861069,-43.2338220,-22.9201759,,5,,no,,,,,,
2110884739,-43.2241928,-22.9804906,,6,,no,,,,,,
2110915175,-43.2238360,-22.9808363,,10,,no,,,,,,
2110927219,-43.2261089,-22.9830382,,10,,no,,,,,,
2110930268,-43.2263092,-22.9830588,,4,,no,,,,,,
2111549855,-38.9573482,-12.2846045,,,,,,,,,,
2114217121,-48.1160511,-15.8154964,,,,,,,,,,
2118345610,-46.4994137,-23.4824263,estacionamento de bikes,,,,,,,,,
2123317182,-43.1726353,-22.9031876,,,,,,,,,,
2124196790,-48.1217804,-15.8052300,,,,no,,,,,,
2129780401,-51.2539087,-30.1047267,,6,anchors,,Paseo Zona Sul,,,,,
2131012488,-51.2532062,-30.1036994,,8,anchors,,Copacabana Center,,,,,
2139469143,-35.2035377,-5.8130902,,,,,,,,,,
2146431257,-43.3242011,-22.8475598,,,,,,,,,,
2158063537,-43.3113994,-22.8245309,,5,wall_hoops,no,,no,,,,
2161232020,-43.3190011,-22.8270505,,10,wall_hoops,no,Intercontinental,no,,,,
2167689210,-43.2469499,-22.6780705,,700,,yes,,,,,,
2182252359,-43.2165507,-22.9707321,,20,,no,Helisul,no,,,,
2182332893,-43.2163694,-22.9736720,,11,,no,,no,,,,
2182369768,-43.2152446,-22.9795118,,6,,no,,no,,,,
2182536296,-43.2117165,-22.9803297,,12,,no,,no,,,,
2182536358,-43.1954660,-22.9846385,,5,,no,,no,,,,
2184992867,-43.1821278,-22.8971689,,30,stands,no,,no,,,,
2189982214,-43.2215381,-22.9218978,,6,,no,,,,,,
2190459826,-43.3414603,-22.8684880,,5,,no,,,,,,
2190481235,-43.3112867,-22.8390541,,7,,no,,,,,,
2190493770,-43.2409861,-22.9149607,,5,,no,,,,,,
2190715298,-43.2459439,-22.9657613,,5,,no,,,,,,
2190717257,-43.2494299,-22.9732452,,5,,no,,,,,,
2191439506,-43.2263015,-22.9731106,,5,,no,,,,,,
2191457174,-43.2213550,-22.9217742,,3,,no,,,,,,
2191477815,-43.2494675,-22.9167466,,5,,,,,,,,
2191484651,-43.1772246,-22.9341850,,10,,no,,,,,,
2191532409,-43.1730293,-22.9041085,,5,,no,,,,,,
2239147442,-43.3610902,-22.9181996,,10,stands,no,Banco do Brasil,no,,,,
2239170919,-43.3895162,-22.9997502,,,,,,,,,,
2239171334,-43.1697683,-22.9366771,,15,,no,,,,,,
2239201884,-43.1952976,-22.9515614,,12,,no,,,,,,
2239207503,-43.2080428,-22.9123617,,10,wall_hoops,no,Centro de Convenções SulAmérica,no,,,,
2239224377,-43.1936398,-22.9527499,Bicicletário CCAA,5,,yes,,,,,,
2239226508,-43.2319256,-22.9788213,,100,,no,PUC-Rio,yes,,,,
2239241026,-43.1962139,-22.9528362,,10,,yes,,,,,,
2239258733,-43.1924165,-22.9501468,,3,,no,,,,,,
2239304419,-43.2281198,-22.9756027,,5,,no,,,,,,
2239324089,-43.2290905,-22.9762309,,8,,no,,,,,,
2239389671,-43.1087276,-22.9051397,,5,,no,,,,,,
2252951231,-47.8787827,-15.7977974,Museu Nacional de Brasília,,,no,,,,,,
2263514663,-43.3422500,-23.0101048,,10,stands,no,,no,,,,
2270648598,-51.2335433,-30.0429463,,,informal,,,,,,,
2271686545,-45.8666298,-23.1795800,,,,,,,,,,
2271686550,-45.8842676,-23.1808299,,,,,,,,,,
2271691764,-45.8897827,-23.1717216,,,,,,,,,,
2271691769,-45.8916035,-23.1710507,,,,,,,,,,
2278896228,-45.8811914,-23.1984315,,,,,,,,,,
2279064241,-46.6629370,-23.5882044,,,,,,,,,,
2279064246,-46.6610487,-23.5854611,,,,,,,,,,
2279064256,-46.6605606,-23.5911344,,,,,,,,,,
2279064261,-46.6582807,-23.5855840,,,,,,,,,,
2279064274,-46.6568001,-23.5881946,,,,,,,,,,
2279064295,-46.6543808,-23.5901659,,,,,,,,,,
2279064296,-46.6628512,-23.5886419,,,,,,,,,,
2283525309,-43.2843973,-22.8838949,,12,wall_hoops,no,Walmart,no,,,,
2283536647,-43.2910650,-22.9052708,,,wall_hoops,no,Prezunic,no,,,,
2283556037,-43.3728677,-22.9226315,,3,stands,no,,no,,,,
2283556406,-43.2414609,-22.9320902,,11,,no,,,,,,
2283556813,-43.3641159,-22.9286592,,4,wall_hoops,no,,no,,,,
2283559761,-43.2345541,-22.9253168,,6,,no,,,,,,
2283565413,-43.4069075,-22.9188865,,,,no,,no,,,,
2283567520,-43.4067414,-22.9188469,,,,no,,no,,,,
2283567643,-43.1762214,-22.9523277,,5,,no,,,,,,
2283571271,-43.3723602,-22.9486128,,,,,,,,,,
2283571771,-43.4508952,-23.0194608,,,,,,,,,,
2283574630,-43.3715246,-22.9997220,,,,,,,,,,
2283579684,-43.3597792,-22.9988911,,,,,,,,,,
2283587300,-43.3865870,-22.9182492,,,,,,,,,,
2283587303,-43.3867186,-22.9179452,,,,,,,,,,
2283590677,-43.3610388,-22.9470787,,,,,,,,,,
2283597369,-43.3843928,-23.0015478,,,,,,,,,,
2283605421,-43.4392232,-23.0068108,,,,,,,,,,
2283606749,-43.1998411,-22.9563876,,4,stands,no,,no,,,,
2283609291,-43.4427755,-23.0095760,,,,,,,,,,
2283621713,-43.4729892,-23.0316754,,,,,,,,,,
2283621867,-43.4731403,-23.0316330,,,,,,,,,,
2283621885,-43.4743571,-23.0313151,,,,,,,,,,
2283621887,-43.4742176,-23.0313372,,,,,,,,,,
2283621920,-43.4754997,-23.0311176,,,,,,,,,,
2283621921,-43.4756553,-23.0311076,,,,,,,,,,
2283622146,-43.4770071,-23.0311176,,,,,,,,,,
2283622317,-43.4767764,-23.0311298,,,,,,,,,,
2283622467,-43.4782302,-23.0312582,,,,,,,,,,
2283622485,-43.4780827,-23.0312410,,,,,,,,,,
2283622486,-43.4794586,-23.0314606,,,,,,,,,,
2283622491,-43.4797027,-23.0314951,,,,,,,,,,
2283631373,-43.4922450,-23.0345731,,,,,,,,,,
2283631556,-43.4918802,-23.0345386,,,,,,,,,,
2283631571,-43.4898203,-23.0342278,,,,,,,,,,
2283631572,-43.4900992,-23.0342522,,,,,,,,,,
2283631599,-43.4890907,-23.0340943,,,,,,,,,,
2283631612,-43.4888654,-23.0340350,,,,,,,,,,
2283631651,-43.4876102,-23.0338129,,,,,,,,,,
2283631652,-43.4878247,-23.0338427,,,,,,,,,,
2283631690,-43.4857755,-23.0333046,,,,,,,,,,
2283631715,-43.4860062,-23.0333735,,,,,,,,,,
2292886503,-43.0304339,-22.9440466,,9,,no,,no,,,,
2302017709,-43.2831937,-22.8842703,,12,wall_hoops,no,Leroy Merlin,no,,,,
2302020933,-43.2220338,-22.9264208,,2,stands,no,,no,,,,
2302021776,-43.1773749,-22.9086435,,20,stands,no,,no,,,,
2302025718,-43.2346722,-22.9228045,,,,,,,,,,
2311493108,-43.0128685,-22.8401910,,,,no,,no,,,,
2321008400,-47.8797026,-15.7891978,,,,,,,,,,
2321388900,-43.2028615,-22.9612430,,12,wall_hoops,no,,no,,,,
2321390537,-43.2120506,-22.9598009,,6,ground_slots,no,,no,,,,
2321390544,-43.2120444,-22.9609943,,5,wall_hoops,,,no,,,,
2321392573,-43.2047494,-22.9630559,,6,stands,no,,no,,,,
2321418194,-43.2281278,-22.9155166,,100,stands,no,,no,,,,
2322568812,-43.1966711,-22.9558648,,4,,,,,,,,
2323260235,-43.1834013,-22.9509366,,5,wall_hoops,yes,,no,,,,
2323264120,-43.1796689,-22.8994663,,8,stands,no,,no,,,,
2323265963,-43.3495134,-23.0053303,,12,,no,,no,,,,
2323271192,-43.3352981,-22.9990982,,12,stands,no,,no,,,,
2346705416,-43.2497097,-22.9733407,,5,,no,,no,,,,
2356434352,-43.3082237,-22.8302688,,10,wall_hoops,no,Academia Zanco,no,,,,
2356454250,-43.3202938,-22.8237201,,5,stands,no,Espaço de Desenvolvimento Infantil Deputado Pedro Fernandes,no,,,,
2356464308,-43.3236546,-22.8451351,,4,wall_hoops,no,,no,,,,
2356479910,-43.2292058,-22.9169248,,6,stands,no,,no,,,,
2356497524,-43.2315228,-22.9158996,,7,,no,Academia Physical,no,,,,
2356504604,-43.2444487,-22.9271546,,7,wall_hoops,no,Hortifruti,no,,,,
2356580860,-43.5332584,-22.8607066,,128,stands,no,,no,,,,
2356700052,-43.6819577,-22.9158822,,196,stands,no,,no,,,,
2356703046,-43.6806109,-22.9208603,,8,wall_hoops,no,,no,,,,
2356703851,-43.6851594,-22.9155855,,10,stands,no,,no,,,,
2356705667,-43.6856207,-22.9152201,,36,stands,no,,no,,,,
2356706171,-43.6855778,-22.9149335,,16,stands,no,,no,,,,
2356742523,-43.1805345,-22.9409357,,18,wall_hoops,no,,no,,,,
2356754855,-43.3437362,-22.8319972,,18,wall_hoops,yes,,no,,,,
2356769835,-43.2275080,-22.9203978,,10,wall_hoops,yes,Walmart,no,,,,
2356772324,-43.2607487,-22.9238864,,5,wall_hoops,no,Academia DNA,no,,,,
2356776708,-43.2505105,-22.9200377,,10,stands,no,,no,,,,
2356776709,-43.2507281,-22.9190989,,4,wall_hoops,no,,no,,,,
2356777662,-43.1856033,-22.9334608,,10,building,no,,no,,,,
2356781387,-43.1777963,-22.9308334,,12,stands,no,,no,,,,
2356786418,-43.1091634,-22.8744202,,13,wall_hoops,yes,Leroy Merlin,no,,,,
2356791542,-43.1779702,-22.9151214,,24,anchors,yes,ACM,no,,,,
2356796426,-43.2873408,-22.7166334,,15,wall_hoops,no,Petrobras,no,,,,
2371407182,-40.0681538,-19.4045969,,,,,,,,,,
2371414032,-43.1861642,-22.9519914,,6,stands,no,,no,,,,
2371414040,-43.1846301,-22.9514381,,4,stands,no,,no,,,,
2371414045,-43.1843938,-22.9524925,,8,stands,no,,no,,,,
2371414047,-43.1868479,-22.9522013,,6,stands,no,,no,,,,
2371414049,-43.1836243,-22.9531054,,10,stands,no,,no,,,,
2371414050,-43.1843831,-22.9510848,,10,stands,no,,no,,,,
2371418207,-43.1842362,-22.9332685,,10,stands,no,,no,,,,
2371418311,-43.1811785,-22.9320779,,6,stands,no,,no,,,,
2371418862,-43.1902782,-22.9653230,,6,stands,no,,no,,,,
2371420498,-43.3019367,-22.8451623,,6,wall_hoops,no,,no,,,,
2371427302,-43.2967438,-23.0104208,,5,wall_hoops,no,,no,,,,
2374461158,-51.1765215,-30.0589902,,,,,,,,,,
2377252830,-51.2274138,-30.0281996,,,,,,,,,,
2384410017,-43.1803523,-22.9318164,,4,stands,no,,no,,,,
2384433187,-43.2349746,-22.9952001,,90,stands,no,,no,,,,
2384486018,-43.1765872,-22.9145356,,16,,,,no,,,,
2384490968,-43.1740487,-22.9094040,,24,stands,no,,no,,,,
2408045111,-39.3945158,-12.1795103,Possivel Radar Móvel,,,,,,,,,
2410309795,-49.2324868,-25.4506627,,,,,,,,,,
2410309796,-49.2317841,-25.4514328,,,,,,,,,,
2410309802,-49.2303384,-25.4516750,,,,,,,,,,
2412004471,-48.5231983,-27.5831844,,3,stands,,,,,,,
2412164730,-49.2715537,-25.4296955,,,,,,,,,,
2412234544,-49.2619986,-25.4267743,,,,,,,,,,
2414009621,-43.2168961,-22.9726034,,10,stands,no,,no,,,,
2414019380,-43.2333430,-22.9252373,,5,stands,no,,no,,,,
2414055784,-43.3836544,-22.9584299,,10,stands,no,,no,,,,
2418339514,-46.6824704,-23.5631464,,4,rack,,,,,,,
2420896416,-51.2280014,-30.0509669,,,,,,,,,,
